pathway,pathway_size,overlap,pvalue,qvalue
PLANTED_STRESS,45,27,3.296267967129874e-37,1.3185071868519495e-36
RANDOM_GO_001,30,2,0.2829887559145597,0.37731834121941293
RANDOM_GO_002,30,2,0.2829887559145597,0.37731834121941293
DECOY_NOISE_SET,40,0,1.0,0.999999999999999
